<?xml version="1.0" encoding="UTF-8"?>
<root enable="1">
	<version name="369">
			<item resType="Art" resName="hero_nanabianshen_skin.unity3d" filterVerList="360" isResVersion="0" />
            <item resType="Art" resName="mon_newfallenrider.unity3d" filterVerList="360" isResVersion="0" />
            <item resType="Art" resName="ui_ActivityOpenRevelation_Revelation.unity3d" filterVerList="360" isResVersion="0" />
			<item resType="Art" resName="hero_alucard_skin.unity3d" filterVerList="360" isResVersion="0" />
			<item resType="Art" resName="jianglin_loop.unity3d" filterVerList="360" isResVersion="0" />
			<item resType="Art" resName="UI_shop_card_fan02.unity3d" filterVerList="360" isResVersion="0" />
			<item resType="Art" resName="DailyTask_huoyuexiang_z.unity3d" filterVerList="360" isResVersion="0" />
			<item resType="Art" resName="DailyTask_huoyuexiang_l.unity3d" filterVerList="360" isResVersion="0" />
			
	</version>
</root>